Handle,Title,Status,Vendor,Variant_SKUs
ik-multi-foam-1-5-pro-2-maintenance-kit,IK MULTI-FOAM 1.5 - PRO 2 maintenance kit,draft,RCP America Partner Portal,
10-x-15-bug-removal-brush,"10"" x 1.5"" BUG REMOVAL BRUSH",active,RCP America,TB-1262
rcp-america-logo-hat-blue-and-white,"RCP America Logo Hat, Blue and White",active,RCP America,
water-spot-remover-5-gallon,WATER SPOT REMOVER 5 Gallon,active,RCP America Partner Portal,
ik-multi-9,IK MULTI 9,active,RCP America,
aerosol-koc-86-multi-surface-cleaner,AEROSOL KOC-86 MULTI-SURFACE CLEANER,active,RCP America,560051
coconut-creme-wafers,COCONUT CREME WAFERS,active,RCP America,AS123
ik-foam-15,IK FOAM 1.5,active,RCP America,
2-pressure-washer-wand,2' PRESSURE WASHER WAND,active,RCP America,AWA-024
rcp-america-hat,RCP AMERICA HAT,active,RCP America,22-HAT
6-flex-edge-dagrip-backing-plate,"6"" Backing Plate Male 5/16"" Thread",active,RCP America,600Y
gulf-shine,GULF SHINE,active,RCP America,CC4001;CC4016
pressure-washer-hose-50,PRESSURE WASHER HOSE 50',active,RCP America,AHS 230
scotch-brite-green,Scotch Brite - Green,active,RCP America,HT-6910
jumbo-purple-clay-bar,JUMBO PURPLE CLAY BAR,active,RCP America,HT-12BU
65-green-polishing-foam-pad,"6""- Green Soft Foam PAD Medium CUT",active,RCP America,614G
maxshine-500gsm-16-x-16-soft-crazy-microfiber-towel,"MAXSHINE 500GSM 16"" X 16"" SOFT CRAZY MICROFIBER TOWEL",active,RCP America,10104040O
quick-change-plug-14-male,QC Plug 1/4' Male,active,RCP America,D10007
prime-time-55-gallon,PRIME TIME 55 Gallon,active,RCP America Partner Portal,
ik-alk-1-5,IK ALK 1.5,draft,RCP America Partner Portal,
ik-multi-1-5,IK MULTI 1.5,draft,RCP America Partner Portal,
multi-tr-mini-360,MULTI TR MINI 360,active,RCP America,
ik-foam-1-5,IK FOAM 1.5,draft,RCP America Partner Portal,
hair-remover-brush-10,"HAIR REMOVER BRUSH - 10""",active,RCP America,PHB-1
3flex-edge-da-drill-backing-plate,"3""FLEX EDGE D.A & DRILL BACKING PLATE",active,RCP America,3OOY
ik-multi-pro-2,IK Multi PRO 2L,active,RCP America,81671
6-maxshine-pro-series-dual-action-backing-plate,"6"" MAXSHINE PRO SERIES DUAL ACTION BACKING PLATE",active,RCP America,3011150
ik-multi-15,IK MULTI 1.5,active,RCP America,
aerosol-koc-86-multi-surface-guard,AEROSOL KOC-86 MULTI-SURFACE GUARD,active,RCP America,561000
ik-hc-1-5-maintenance-kit,IK HC 1.5 maintenance kit,draft,RCP America Partner Portal,
14-o-ring-for-spray-gun-8-pack,"1/4"" O-RING FOR SPRAY GUN 8 PACK",active,RCP America,OR-110-BN-70
quick-change-socket-14-female,QC Socket 1/4' Female,active,RCP America,D10001
complete-wash-kit,COMPLETE WASH KIT,active,RCP America,RCPKIT-114
3-backing-plate-with-58-threads,"3"" Velcro Backing Plate 5/8"" Thread",active,RCP America,358
surface-prep-disc-medium,SURFACE PREP DISC - MEDIUM,active,RCP America,SSP-572
rcp-america-logo-hat,RCP AMERICA LOGO HAT,active,RCP America,22-HAT
65-yellow-med-cutting-foam-pad,"6""- Yellow Soft Foam PAD CUT",active,RCP America,613G
quick-change-plug-38-male,QC Plug 3/8' Male,active,RCP America,D10009
matrix,MATRIX,active,RCP America,
marine-clean,MARINE CLEAN,active,RCP America,CC1016;CC1001
rcp-america-shirt,RCP AMERICA SHIRT,active,RCP America,
brass-wire-whitewallsidewall-tire-brush,Brass Brush,active,RCP America,85-637
wash-bucket-dolly,WASH BUCKET DOLLY,active,RCP America,BD-100B
65black-grip-pad,"6""- Black Finish Foam PAD",active,RCP America,612G
75-yellow-wool-pad-15-pile,"9""- Yellow Wool CUT PAD",active,RCP America,7503GY
clear-steering-wheel-covers,CLEAR STEERING WHEEL COVERS,active,RCP America,83-501
wash-n-gloss-package,WASH N GLOSS PACKAGE,draft,RCP America,
1-4-o-ring-for-spray-gun-8-pack,"1/4"" O-RING FOR SPRAY GUN 8 PACK",draft,RCP America Partner Portal,OR-110-BN-70
white-lightning-5-gallon,WHITE LIGHTNING 5 Gallon,active,RCP America Partner Portal,
do-all-scrubber,DO ALL - SCRUBBER,active,RCP America,HT1261
zorb-it-pro,ZORB-IT PRO,active,RCP America,SX-720T
white-bug-net-sponge-35-x-55,DX White BUG Sponge - Each,active,RCP America,DX
55-micro-fibre-cutting-pad,"5""- Uro-fiber Orange Microfiber CUT PAD",active,RCP America,580MFP
maxshine-5-foam-pads-holder,"Maxshine 5"" Foam Pads Holder",active,RCP America,H04
swiftjet-adjustable-low-pressure-foam-gun,SWIFTJET ADJUSTABLE LOW PRESSURE FOAM GUN,active,RCP America,LPMFR
3-8-buna-o-ring-for-spray-gun,3/8 Buna O-Ring for Spray Gun,draft,RCP America Partner Portal,OR-112-BN-70
surface-prep-pad-fine,SURFACE PREP PAD - FINE,active,RCP America,SSP-580
cherry-fogger,CHERRY FOGGER,draft,RCP America,SW245
magic-foam-eraser-12pk,Magic Foam Eraser - 12pk,active,RCP America Partner Portal,
ik-multi-pro-12,IK Multi PRO 12,active,RCP America,82671
75-white-wool-pad-15-pile,"9""- White Wool Cutting PAD",active,RCP America,7503G
55-white-grip-pad,"5"" White Finish Foam PAD",active,RCP America,591G
25-green-3-0-pressure-washer-tip-1-4-quick-connect,"25° GREEN 3.0 PRESSURE WASHER TIP 1/4"" QUICK CONNECT",draft,RCP America Partner Portal,925030Q
40-white-3-0-pressure-washer-tip-1-4-quick-connect,"40° WHITE 3.0 PRESSURE WASHER TIP 1/4"" QUICK CONNECT",active,RCP America Partner Portal,940030Q
two-station-hydro,TWO STATION HYDRO,active,RCP America,3841AG-2
rcp-america-logo-hat-yellow-logo,"RCP America Logo Hat, Yellow Logo",active,RCP America,
limited-edition-fathers-day-ceramic-kit,Limited Edition Father's Day Ceramic Kit,draft,RCP America,
quick-change-plug-38-female,QC Plug 3/8' Female,active,RCP America,D10008
ik-e-multi-pro-12,IK Multi PRO 12,active,RCP America,82671
wash-n-gloss-55-gallon,WASH N GLOSS 55 Gallon,active,RCP America Partner Portal,
stain-away,STAIN AWAY,active,RCP America,CC2816;CC2801
ik-alk-9,IK ALK 9,active,RCP America,
small-spoke-wheel-brush-12,"SMALL SPOKE WHEEL BRUSH 12""",active,RCP America,85-632
fresh-fogger,FRESH FOGGER,draft,RCP America,SW248
kannonball-foam-gun-pack,KANNONBALL& FOAM GUN PACK,draft,RCP America,
ik-alk-15,IK ALK 1.5,active,RCP America,
ik-food-1-5,IK FOOD 1.5,draft,RCP America Partner Portal,
supershow-32oz-4-pack,SUPERSHOW 32OZ 4 PACK,draft,RCP America,
rcp-america-car-wash-shirt,RCP America Car Wash Shirt,active,RCP America,
three-station-hydro,THREE STATION HYDRO,active,RCP America,3850AG-2
wild-cherry-fogger,WILD CHERRY FOGGER,draft,RCP America,807
revive-high-ph-presoak-tunnel-wash,REVIVE - HIGH PH PRESOAK TUNNEL WASH,active,RCP America,32005
grey-detailing-clay-bar,GREY DETAILING CLAY BAR,active,RCP America,HT-21GR
sapphire-ice-fogger,SAPPHIRE ICE FOGGER,draft,RCP America,826
mango-tango-fogger,MANGO TANGO FOGGER,draft,RCP America,826
rcp-america-hoodie,RCP America Hoodie,active,RCP America,
rcp-americas-complete-wash-kit,RCP America's Complete Wash Kit,active,RCP America,
quick-change-socket-38-male,QC Socket 3/8' Male,active,RCP America,D10004
rubberized-undercoating,RUBBERIZED UNDERCOATING,active,RCP America,HT 18021
rcp-america-we-here-shirt,"RCP America ""We Here"" Shirt",active,RCP America,
maxshine-detailing-clay-bar-3pcspack-white,MAXSHINE DETAILING CLAY BAR - 3PCS/PACK WHITE,active,RCP America,2043150W
rcp-america-vintage-truck-shirt,RCP America Vintage Truck Shirt,active,RCP America,
ik-multi-6,IK MULTI 6,active,RCP America,
super-cut-rv,Super CUT,active,RCP America,81R
rcp-america-logo-hat-grey-and-blue,"RCP America Logo Hat, Grey and Blue",active,RCP America,
maxshine-32oz-or-16oz-bottle-car-detailing-compound-holder,Maxshine 32oz or 16oz Bottle Car Detailing Compound Holder,active,RCP America,H03B
pina-colada-fogger,PINA COLADA FOGGER,draft,RCP America,SW249
ik-water-supply-tank,IK WATER SUPPLY TANK,active,RCP America,
zorb-it-drying-towel-blue,ZORB-IT DRYING TOWEL BLUE,active,RCP America,20007B
double-edge-plastic-razor-blades-1oopack,DOUBLE EDGE PLASTIC RAZOR BLADES (1OOPACK),active,RCP America,SR100GPO
ik-foam-pro-12,IK Foam PRO 12,active,RCP America,82676
65-micro-fibre-cutting-pad,"6""- Uro-fiber Orange Microfiber CUT PAD",active,RCP America,680MFP
maxshine-1200gsm-24-x-36-purple-duo-twisted-drying-towel,"MAXSHINE 1200GSM 24"" X 36"" PURPLE DUO TWISTED DRYING TOWEL",active,RCP America,1195060P
zorb-it-drying-towel,ZORB-IT DRYING TOWEL,active,RCP America,20007
0-red-30-pressure-washer-tip-14-quick-connect,"0° RED 3.0 PRESSURE WASHER TIP 1/4"" QUICK CONNECT",active,RCP America,900030Q
kopperhead-55-gallon,Kopperhead 55 Gallon,active,RCP America Partner Portal,
thermax-dv-12-extractor,THERMAX DV-12 EXTRACTOR,active,RCP America,78-100-126
65-blue-soft-polishing-foam-pad,"6""- Blue Soft Foam Polish Pad..",active,RCP America,615G
quick-change-plug-14-female,QC Plug 1/4' Female,active,RCP America,D10006
oj-kopperhead-pack,OJ & KOPPERHEAD PACK,draft,RCP America,
paintbrush-style-detail-brush,PAINTBRUSH STYLE DETAIL BRUSH,active,RCP America,
ik-window-tinting-ppf,IK Window tinting & PPF,active,RCP America,
single-station-hydro,SINGLE STATION HYDRO,active,RCP America,3830AG-2
maxshine-600gsm-16-x-16-ultimate-crazy-microfiber-towel,"MAXSHINE 600GSM 16"" X 16"" ULTIMATE CRAZY MICROFIBER TOWEL",active,RCP America,1014040G
0-red-3-0-pressure-washer-tip-1-4-quick-connect,"0° RED 3.0 PRESSURE WASHER TIP 1/4"" QUICK CONNECT",active,RCP America Partner Portal,900030Q
quick-change-socket-14-male,QC Socket 1/4 IN. Male,active,RCP America,D10002
koc-86-multi-surface-cleaner,KOC-86 Multi-Surface Cleaner,active,RCP America,KOC-86C1;KOC-86C5
large-spoke-wheel-brush-165,Large Spoke Brush,active,RCP America,85-799
all-purpose-everything,ALL PURPOSE EVERYTHING,draft,RCP America,
ik-foam-pro-3,IK FOAM Pro 2,draft,RCP America Partner Portal,81676
random-orbit-polisher-15-mm-throw,RANDOM ORBIT POLISHER 15 MM THROW,active,RCP America,HB-15MMT
vinyl-plastic-carpet-dye,"VINYL, PLASTIC & CARPET DYE",active,RCP America,
surface-prep-pad-medium,SURFACE PREP PAD -MEDIUM,active,RCP America,SSP-589
new-car-scent-fogger,NEW CAR SCENT FOGGER,draft,RCP America,800
fresh-n-clean-fogger,FRESH N CLEAN FOGGER,draft,RCP America,801
quick-change-socket-38-female,QC Socket 3/8' Female,active,RCP America,D10003
magna-shine-paste-wax,Magna Shine Paste Wax,active,RCP America,PW-16
marine-soap,Marine Soap,draft,RCP America,CC3201;CC3216
ik-hc-15-maintenance-kit,IK HC 1.5 maintenance kit,active,RCP America,
ultra-15-r-series-polisher,Ultra 15 r-series Polisher,active,RCP America Partner Portal,
ik-e-15-bs,IK e 15 BS,active,RCP America,
dewalt-hi-speed-buffer,DWEALT Hi-Speed Buffer,active,RCP America,DW-849
3flex-edge-d-a-drill-backing-plate,"3""FLEX EDGE D.A & DRILL BACKING PLATE",active,RCP America Partner Portal,3OOY
ik-multi-multi-pro-6-9-12-maintenance-kit,IK MULTI - MULTI PRO 6-9-12 maintenance kit,active,RCP America,
ik-multi-12-bs-maintenance-kit,IK MULTI 12 BS maintenance kit,active,RCP America,
terry-towels-1,TERRY TOWELS,active,RCP America Partner Portal,
ik-foam-pro-2-2,IK Foam PRO 2L,active,RCP America,81676
maxshine-ever-so-soft-ess-detailing-brush,MAXSHINE EVER SO SOFT (ESS) DETAILING BRUSH,active,RCP America,704608
ik-multi-pro-12-2,IK Multi PRO 12,active,RCP America,82671
rcp-america-breast-cancer-awareness-pink-t-shirt,RCP America Breast Cancer Awareness Pink T-Shirt,active,RCP America,
small-striped-wax-applicators,SMALL STRIPED WAX APPLICATORS,draft,RCP America Partner Portal,TA35
limited-edition-usa-collection-box,Limited Edition U.S.A. Collection Box,draft,RCP America,
euro-polish,Perfect Euro,active,RCP America,71
ik-multi-foam-15-pro-2-maintenance-kit,IK MULTI-FOAM 1.5 - PRO 2 maintenance kit,active,RCP America,
ik-hc-15,IK HC 1.5,active,RCP America,
mini-random-orbital-polisher,Mini Random Orbital Polisher,active,RCP America,HB-MINI-3
green-heavy-cutting-foam-pads,Green Heavy Cutting Foam Pads,active,RCP America,RCP_5GRF;RCP_6GRF;RCP_3GRF
terry-towels-60pk,TERRY TOWELS  (60/pk),active,RCP America,290081
power-kleen-55-gallon,POWER KLEEN 55 Gallon,active,RCP America Partner Portal,
maxshine-detailing-clay-bar-3pcs-pack-purple-1,MAXSHINE DETAILING CLAY BAR - 3PCS/PACK PURPLE,active,RCP America Partner Portal,
kannonball-55-gallon,Kannonball 55 Gallon,active,RCP America Partner Portal,
ik-food-15,IK FOOD 1.5,active,RCP America,
38-buna-o-ring-for-spray-gun,3/8 Buna O-Ring for Spray Gun,active,RCP America,OR-112-BN-70
suede-ceramic-applicator,SUEDE CERAMIC APPLICATOR,active,RCP America,MSA-944
scotch-brite-red,Scotch Brite -RED,active,RCP America,HT-6910R
5-gallon-cube,5 GALLON CUBE,active,RCP America,BW301
15-yellow-3-0-pressure-washer-tip-1-4-quick-connect,"15° YELLOW 3.0 PRESSURE WASHER TIP 1/4"" QUICK CONNECT",draft,RCP America Partner Portal,915030Q
radiance-graphene-kit,Radiance Graphene,active,RCP America,CLF500
maxshine-snow-foam-cannon,MAXSHINE SNOW FOAM CANNON,active,RCP America,SMFC001
6-maxshine-clay-pad,"6"" MAXSHINE CLAY PAD",active,RCP America,2042150
miracle-sponge-12-pack,MIRACLE SPONGE 12 PACK,active,RCP America,85-422
6-maxshine-high-pro-cutting-pad,"6"" MAXSHINE HIGH PRO CUTTING PAD",active,RCP America,2021175B
ik-multi-12-bs,IK MULTI 12 BS,active,RCP America,
maxshine-6-foam-pads-holder,"Maxshine 6"" Foam Pads Holder",active,RCP America,H05
ik-multi-pro-9,IK MULTI Pro 9,active,RCP America,
clean-breeze-air-freshner,CLEAN BREEZE AIR FRESHNER,draft,RCP America,SW575
ik-multi-pro-13,IK Multi Pro 12,active,RCP America Partner Portal,82671
